xdid	packet
judge1924-11-01	done
judge1924-11-08	done
judge1924-11-15	done
judge1924-11-15b	done
judge1924-11-22	done
judge1924-11-29	done
judge1924-12-13	done
judge1924-12-20	done
judge1924-12-27	done
judge1925-01-03	done
judge1925-01-10	done
judge1925-01-17	done
judge1925-01-24	done
judge1925-01-31	done
judge1925-02-07	done
judge1925-02-21	done
judge1925-02-28	done
judge1925-03-07	done
judge1925-03-14	done
judge1925-03-21	done
judge1925-03-28	done
judge1925-04-04	done
judge1925-04-11	done
judge1925-04-18	done
judge1925-04-25	done
judge1925-05-02	done
judge1925-05-09	done
judge1925-05-16	done
judge1925-05-23	done
judge1925-05-30	done
judge1925-06-06	done
judge1925-06-13	done
judge1925-06-20	done
judge1925-06-27	done
judge1925-07-04	done
judge1925-07-11	done
judge1925-07-18	done
judge1925-07-25	done
judge1925-09-12	done
judge1925-09-19	done
judge1925-09-26	done
judge1925-10-03	done
judge1925-10-10	done
judge1925-10-17	done
judge1925-10-17b	done
judge1925-10-24	done
judge1925-10-31	done
judge1925-11-07	done
judge1925-11-14	done
judge1925-11-21	done
judge1925-11-28	done
judge1925-12-05	done
judge1925-12-12	done
judge1925-12-19	done
judge1925-12-26	done
judge1926-01-02	done
judge1926-01-09	done
judge1926-01-16	done
judge1926-01-23	done
judge1926-01-30	done
judge1926-02-06	done
judge1926-02-13	done
judge1926-02-20	done
judge1926-02-27	done
judge1926-03-06	done
judge1926-03-13	done
judge1926-03-20	done
judge1926-03-27	done
judge1926-04-03	done
judge1926-04-10	done
judge1926-04-17	done
judge1926-04-24	done
judge1926-05-01	done
judge1926-05-15	done
judge1926-05-22	done
judge1926-05-29	done
judge1926-06-05	done
judge1926-06-12	done
judge1926-06-26	done
judge1926-07-03	done
judge1926-07-10	done
judge1926-07-17	done
judge1926-07-24	done
judge1926-07-31	done
judge1926-08-07	done
judge1926-08-14	done
judge1926-08-21	done
judge1926-08-28	done
judge1926-09-04	done
judge1926-09-11	done
judge1926-09-18	done
judge1926-09-25	done
judge1926-10-02	done
judge1926-10-09	done
judge1926-10-23	done
judge1926-10-30	done
judge1926-11-06	done
judge1926-11-13	done
judge1926-11-20	done
judge1926-11-27	done
judge1926-12-04	done
judge1926-12-11	done
judge1926-12-18	done
judge1926-12-25	done
judge1927-01-01	done
judge1927-01-08	done
judge1927-01-15	done
judge1927-01-22	done
judge1927-01-29	done
judge1927-02-05	done
judge1927-02-12	done
judge1927-02-19	done
judge1927-02-26	done
judge1927-03-05	done
judge1927-03-12	done
judge1927-03-19	done
judge1927-03-26	done
judge1927-04-02	done
judge1927-04-09	done
judge1927-04-16	done
judge1927-04-23	done
judge1927-04-30	done
judge1927-05-07	done
judge1927-05-14	done
judge1927-05-21	done
judge1927-05-28	done
judge1927-06-04	done
judge1927-06-11	done
judge1927-06-18	done
judge1927-07-02	done
judge1927-07-09	done
judge1927-07-16	done
judge1927-07-23	done
judge1927-07-30	done
judge1927-08-06	done
judge1927-08-13	done
judge1927-08-20	done
judge1927-08-27	done
judge1927-09-10	done
judge1927-09-17	done
judge1927-09-24	done
judge1927-10-01	done
judge1927-10-08	done
judge1927-10-15	done
judge1927-10-15b	done
judge1927-10-29	done
judge1927-11-05	done
judge1927-12-17	done
judge1927-12-24	done
judge1927-12-31	done
judge1928-01-07	done
judge1928-01-14	done
judge1928-01-21	done
judge1928-01-28	done
judge1928-02-04	done
judge1928-02-11	done
judge1928-02-18	done
judge1928-02-25	done
judge1928-03-03	done
judge1928-03-10	done
judge1928-03-17	done
judge1928-03-24	done
judge1928-03-31	done
judge1928-04-07	done
judge1928-04-14	done
judge1928-04-21	done
judge1928-04-28	done
judge1928-05-12	done
judge1928-05-19	done
judge1928-05-26	done
judge1928-06-02	done
judge1928-06-09	done
judge1928-06-16	done
judge1928-06-23	done
judge1928-06-30	done
judge1928-07-07	done
judge1928-07-14	done
judge1928-07-21	done
judge1928-07-28	done
judge1928-08-04	done
judge1928-08-11	done
judge1928-08-18	done
judge1928-08-25	done
judge1928-09-01	done
judge1928-09-08	done
judge1928-09-15	done
judge1928-09-22	done
judge1928-09-29	done
judge1928-10-06	done
judge1928-10-13	done
judge1928-10-20	done
judge1928-10-27	done
judge1928-11-03	judge-1929-1930
judge1928-11-10	done
judge1928-11-17	done
judge1928-11-24	done
judge1928-12-01	done
judge1928-12-08	done
judge1928-12-15	done
judge1928-12-22	done
judge1928-12-29	done
judge1929-01-05	done
judge1929-01-12	done
judge1929-01-19	done
judge1929-01-26	done
judge1929-02-02	done
judge1929-02-09	done
judge1929-02-16	done
judge1929-02-23	done
judge1929-03-02	done
judge1929-03-09	done
judge1929-03-16	judge-1929-1930
judge1929-03-23	judge-1929-1930
judge1929-03-30	judge-1929-1930
judge1929-04-06	judge-1929-1930
judge1929-04-20	judge-1929-1930
judge1929-04-27	judge-1929-1930
judge1929-05-04	judge-1929-1930
judge1929-05-11	judge-1929-1930
judge1929-05-18	judge-1929-1930
judge1929-05-25	judge-1929-1930
judge1929-06-01	judge-1929-1930
judge1929-06-08	judge-1929-1930
judge1929-06-15	judge-1929-1930
judge1929-06-22	judge-1929-1930
judge1929-06-29	judge-1929-1930
judge1929-07-06	judge-1929-1930
judge1929-07-13	judge-1929-1930
judge1929-07-20	judge-1929-1930
judge1929-07-27	judge-1929-1930
judge1929-08-10	judge-1929-1930
judge1929-08-17	judge-1929-1930
judge1929-08-24	judge-1929-1930
judge1929-08-31	judge-1929-1930
judge1929-09-07	judge-1929-1930
judge1929-09-14	judge-1929-1930
judge1929-09-21	judge-1929-1930
judge1929-09-28	judge-1929-1930
judge1929-10-05	judge-1929-1930
judge1929-10-12	judge-1929-1930
judge1929-10-19	judge-1929-1930
judge1929-10-26	judge-1929-1930
judge1929-11-02	judge-1929-1930
judge1929-11-09	judge-1929-1930
judge1929-11-16	judge-1929-1930
judge1929-11-23	judge-1929-1930
judge1929-11-30	judge-1929-1930
judge1929-12-07	judge-1929-1930
judge1929-12-14	judge-1929-1930
judge1929-12-21	judge-1929-1930
judge1929-12-28	judge-1929-1930
judge1930-01-04	judge-1929-1930
judge1930-01-11	judge-1929-1930
judge1930-01-18	judge-1929-1930
judge1930-01-25	judge-1929-1930
judge1930-02-01	judge-1929-1930
judge1930-02-08	judge-1929-1930
judge1930-02-15	judge-1929-1930
judge1930-02-22	judge-1929-1930
judge1930-03-01	judge-1929-1930
judge1930-03-08	judge-1929-1930
judge1930-03-15	judge-1929-1930
judge1930-03-22	judge-1929-1930
judge1930-03-29	judge-1929-1930
judge1930-04-05	judge-1929-1930
judge1930-04-12	judge-1929-1930
judge1930-04-19	judge-1929-1930
judge1930-04-26	judge-1929-1930
judge1930-05-03	judge-1929-1930
judge1930-05-10	judge-1929-1930
judge1930-05-17	judge-1929-1930
judge1930-05-24	judge-1929-1930
judge1930-05-31	judge-1929-1930
judge1930-06-07	judge-1929-1930
judge1930-06-14	judge-1929-1930
judge1930-06-21	judge-1929-1930
judge1930-06-28	judge-1929-1930
judge1930-07-05	judge-1929-1930
judge1930-07-12	judge-1929-1930
judge1930-07-19	judge-1929-1930
judge1930-07-26	judge-1929-1930
judge1930-08-02	judge-1929-1930
judge1930-08-09	judge-1929-1930
judge1930-08-16	judge-1929-1930
judge1930-08-23	judge-1929-1930
judge1930-09-06	judge-1929-1930
judge1930-09-13	judge-1929-1930
judge1930-09-20	judge-1929-1930
judge1930-09-27	judge-1929-1930
judge1930-10-04	judge-1929-1930
judge1930-10-11	judge-1929-1930
judge1930-10-18	judge-1929-1930
judge1930-10-25	judge-1929-1930
judge1930-11-01	judge-1929-1930
judge1930-11-08	judge-1929-1930
judge1930-11-15	judge-1929-1930
judge1930-11-22	judge-1929-1930
judge1930-11-29	judge-1929-1930
judge1930-12-06	judge-1929-1930
judge1930-12-13	judge-1929-1930
judge1930-12-20	judge-1929-1930
judge1930-12-27	judge-1929-1930
judge1931-01-03	later
judge1931-01-10	later
judge1931-01-17	later
judge1931-01-24	later
judge1931-01-31	later
judge1931-02-07	later
judge1931-02-14	later
judge1931-02-21	later
judge1931-02-28	later
judge1931-03-07	later
judge1931-03-14	later
judge1931-03-21	later
judge1931-03-28	later
judge1931-04-04	later
judge1931-04-11	later
judge1931-04-18	later
judge1931-04-25	later
judge1931-05-02	later
judge1931-05-09	later
judge1931-05-16	later
judge1931-05-23	later
judge1931-05-30	later
judge1931-06-06	later
judge1931-06-13	later
judge1931-06-20	later
judge1931-06-27	later
judge1931-07-04	later
judge1931-07-11	later
judge1931-07-18	later
judge1931-07-25	later
judge1931-08-01	later
judge1931-08-08	later
judge1931-08-15	later
judge1931-08-22	later
judge1931-08-29	later
judge1931-09-05	later
judge1931-09-12	later
judge1931-09-19	later
judge1931-09-26	later
judge1931-10-03	later
judge1931-10-10	later
judge1931-10-17	later
judge1931-10-24	later
judge1931-10-31	later
judge1931-11-07	later
judge1931-11-14	later
judge1931-11-21	later
judge1931-11-28	later
judge1931-12-05	later
judge1931-12-12	later
judge1931-12-19	later
judge1931-12-26	later
judge1932-01-02	later
judge1932-01-09	later
judge1932-01-16	later
judge1932-01-23	later
judge1932-01-30	later
judge1932-02-06	later
judge1932-02-13	later
judge1932-02-20	later
judge1932-02-27	later
judge1932-03-05	later
judge1932-03-12	later
judge1932-03-19	later
judge1932-03-26	later
judge1932-04-02	later
judge1932-04-09	later
judge1932-04-16	later
judge1932-04-23	later
judge1932-04-30	later
judge1932-05-07	later
judge1932-05-14	later
judge1932-05-21	later
judge1932-05-28	later
judge1932-06-04	later
judge1932-06-11	later
judge1932-06-25	later
judge1932-07-01	later
judge1932-08-01	later
judge1932-08-01b	later
judge1932-09-01	later
judge1932-09-01b	later
judge1932-10-01	later
judge1932-11-01	later
judge1932-11-01b	later
judge1932-12-01	later
judge1932-12-01b	later
judge1933-01-01	later
judge1933-01-01b	later
judge1933-02-01	later
judge1933-03-01	later
judge1933-03-01b	later
judge1933-04-01	later
judge1933-05-01	later
judge1933-05-01b	later
judge1933-06-01	later
judge1933-06-01b	later
judge1933-07-01	later
judge1933-07-01b	later
judge1933-08-01	later
judge1933-09-01	later
judge1933-10-01	later
judge1933-11-01	later
judge1933-11-01b	later
judge1933-12-01	later
judge1934-01-01	later
judge1934-02-01	later
judge1934-02-01b	later
judge1934-03-01	later
judge1934-03-01b	later
judge1934-04-01	later
judge1934-04-01b	later
judge1934-05-01	later
judge1934-05-01b	later
judge1934-06-01	later
judge1934-06-01b	later
judge1934-06-01c	later
judge1934-07-01	later
judge1934-07-01b	later
judge1934-08-01	later
judge1934-08-01b	later
judge1934-09-01	later
judge1934-09-01b	later
judge1934-10-01	later
judge1934-10-01b	later
judge1934-11-01	later
judge1934-12-01	later
judge1934-12-01b	later
judge1935-02-01	later
judge1935-03-01	later
judge1935-03-01b	later
judge1935-04-01	later
judge1935-05-01	later
judge1935-06-01	later
judge1935-06-01b	later
judge1935-07-01	later
judge1935-07-01b	later
judge1935-08-01	later
judge1935-08-01b	later
judge1935-09-01	later
judge1935-09-01b	later
judge1935-10-01	later
judge1935-10-01b	later
judge1935-11-01	later
judge1935-12-01	later
judge1936-01-01	later
judge1936-01-01b	later
judge1936-02-01	later
judge1936-02-01b	later
judge1936-03-01	later
judge1936-04-01	later
judge1936-04-01b	later
judge1936-05-01	later
judge1936-05-01b	later
judge1936-06-01	later
judge1936-06-01b	later
judge1936-07-01	later
judge1936-07-01b	later
judge1936-08-01	later
judge1936-08-01b	later
judge1936-09-01	later
judge1936-10-01	later
judge1936-10-01b	later
judge1936-11-01	later
judge1936-12-01	later
judge1937-01-01	later
judge1937-01-01b	later
judge1937-02-01	later
judge1937-02-01b	later
judge1937-03-01	later
judge1937-03-01b	later
judge1937-04-01	later
judge1937-04-01b	later
judge1937-05-01	later
judge1937-06-01	later
judge1937-06-01b	later
judge1937-07-01	later
judge1937-07-01b	later
judge1937-08-01	later
judge1937-08-01b	later
judge1937-09-01	later
judge1937-09-01b	later
judge1937-10-01	later
judge1937-11-01	later
judge1937-11-01b	later
judge1937-12-01	later
judge1937-12-01b	later
judge1938-01-01	later
judge1938-01-01b	later
judge1938-02-01	later
judge1938-02-01b	later
judge1938-03-01	later
judge1938-03-01b	later
judge1938-04-01	later
judge1938-04-01b	later
judge1938-05-01	later
judge1938-06-01	later
judge1938-07-01	later
judge1938-07-01b	later
judge1938-08-01	later
judge1938-08-01b	later
judge1938-09-01	later
judge1938-09-01b	later
judge1938-12-01	later
judge1938-12-01b	later
judge1939-01-01	later
judge1939-01-01b	later
